{
  "images" : [
    {
      "size" : "16x16",
      "idiom" : "mac",
      "filename" : "63d9f2d3572c11df6ba8d108682762d0f703c2a4MacHuge_512pt@2x 2MacMicro_16pt.png",
      "scale" : "1x"
    },
    {
      "size" : "16x16",
      "idiom" : "mac",
      "filename" : "63d9f2d3572c11df6ba8d108682762d0f703c2a4MacHuge_512pt@2x 2MacMicro_16pt@2x.png",
      "scale" : "2x"
    },
    {
      "size" : "32x32",
      "idiom" : "mac",
      "filename" : "63d9f2d3572c11df6ba8d108682762d0f703c2a4MacHuge_512pt@2x 2MacSmall_32pt.png",
      "scale" : "1x"
    },
    {
      "size" : "32x32",
      "idiom" : "mac",
      "filename" : "63d9f2d3572c11df6ba8d108682762d0f703c2a4MacHuge_512pt@2x 2MacSmall_32pt@2x.png",
      "scale" : "2x"
    },
    {
      "size" : "128x128",
      "idiom" : "mac",
      "filename" : "63d9f2d3572c11df6ba8d108682762d0f703c2a4MacHuge_512pt@2x 2MacMedium_128pt.png",
      "scale" : "1x"
    },
    {
      "size" : "128x128",
      "idiom" : "mac",
      "filename" : "63d9f2d3572c11df6ba8d108682762d0f703c2a4MacHuge_512pt@2x 2MacMedium_128pt@2x.png",
      "scale" : "2x"
    },
    {
      "size" : "256x256",
      "idiom" : "mac",
      "filename" : "63d9f2d3572c11df6ba8d108682762d0f703c2a4MacHuge_512pt@2x 2MacLarge_256pt.png",
      "scale" : "1x"
    },
    {
      "size" : "256x256",
      "idiom" : "mac",
      "filename" : "63d9f2d3572c11df6ba8d108682762d0f703c2a4MacHuge_512pt@2x 2MacLarge_256pt@2x.png",
      "scale" : "2x"
    },
    {
      "size" : "512x512",
      "idiom" : "mac",
      "filename" : "63d9f2d3572c11df6ba8d108682762d0f703c2a4MacHuge_512pt@2x 2MacHuge_512pt.png",
      "scale" : "1x"
    },
    {
      "size" : "512x512",
      "idiom" : "mac",
      "filename" : "63d9f2d3572c11df6ba8d108682762d0f703c2a4MacHuge_512pt@2x 2MacHuge_512pt@2x.png",
      "scale" : "2x"
    }
  ],
  "info" : {
    "version" : 1,
    "author" : "xcode"
  }
}